Geo,Policy,PolStart,PolEnd,SourceStart,SourceEnd
Austria,1,08-Mar-20,,https://www.schengenvisainfo.com/news/austria-bans-italians-from-entering-due-to-coronavirus/,
Austria,2,09-Mar-20,14-Apr-20,https://www.schengenvisainfo.com/news/austria-bans-italians-from-entering-due-to-coronavirus/,https://www.foxnews.com/world/coronavirus-lockdown-which-european-countries-easing-restrictions
Austria,4,10-Mar-20,18-May-20,https://www.kleinezeitung.at/politik/5783037/Coronavirus_Stufenweise-ab-Montag_Oesterreich-schliesst-Schulen,https://www.usnews.com/news/world/articles/2020-04-24/austria-will-reopen-schools-with-split-classes-next-month
Austria,5,11-Mar-20,14-Apr-20,https://www.reuters.com/article/us-health-coronavirus-austria/austria-imposes-major-restrictions-on-movement-over-coronavirus-idUSKBN2120D8,https://www.foxnews.com/world/coronavirus-lockdown-which-european-countries-easing-restrictions
Austria,5.1,12-Mar-20,14-Apr-20,,https://www.foxnews.com/world/coronavirus-lockdown-which-european-countries-easing-restrictions
Austria,5.2,13-Mar-20,15-May-20,,https://www.foxnews.com/world/coronavirus-lockdown-which-european-countries-easing-restrictions
Austria,7,14-Mar-20,,,
Austria,8,15-Mar-20,01-May-20,https://www.kleinezeitung.at/politik/5783037/Coronavirus_Stufenweise-ab-Montag_Oesterreich-schliesst-Schulen,https://www.brusselstimes.com/all-news/belgium-all-news/health/108539/coronavirus-austria-to-progressively-lift-lockdown-from-1-may/
Belgium,1,17-Mar-20,,https://www.zorg-en-gezondheid.be/versterkte-fase-2,
Belgium,2,17-Mar-20,,https://www.vrt.be/vrtnws/nl/2020/03/17/liveblog-17-maart/,
Belgium,3,03-Apr-20,,https://www.brusselstimes.com/all-news/belgium-all-news/104887/coronavirus-icus-nearing-maximum-intake-capacity-in-limburg-province/,
Belgium,4,17-Mar-20,18-May-20,https://www.aa.com.tr/en/europe/belgium-portugal-to-shut-schools-over-coronavirus/1764338,https://www.foxnews.com/world/coronavirus-lockdown-which-european-countries-easing-restrictions
Belgium,5,17-Mar-20,11-May-20,https://www.zorg-en-gezondheid.be/versterkte-fase-2,https://www.france24.com/en/20200425-belgium-to-gradually-reopen-businesses-schools-from-mid-may
Belgium,5.1,17-Mar-20,11-May-20,,https://www.france24.com/en/20200425-belgium-to-gradually-reopen-businesses-schools-from-mid-may
Belgium,5.2,17-Mar-20,08-Jun-20,,https://www.france24.com/en/20200425-belgium-to-gradually-reopen-businesses-schools-from-mid-may
Belgium,7,17-Mar-20,,https://www.standaard.be/cnt/dmf20200310_04884455,
Belgium,8,17-Mar-20,11-May-20,https://www.vrt.be/vrtnws/nl/2020/03/17/liveblog-17-maart/,https://www.bbc.com/news/explainers-52575313
France,1,16-Mar-20,,https://www.france24.com/en/20200308-france-bans-gatherings-of-more-than-1-000-people-to-contain-coronavirus,
France,2,16-Mar-20,11-May-20,https://www.independent.co.uk/news/world/europe/coronavirus-france-lockdown-cases-update-covid-19-macron-a9405136.html,https://www.forbes.com/sites/alexledsom/2020/05/10/france-emerges-from-lockdown-what-you-now-can-and-cant-do/#adc2494700d1
France,3,24-Mar-20,,https://www.santepubliquefrance.fr/recherche/#search=COVID-19%20:%20point%20epidemiologique&sort=date,
France,4,16-Mar-20,11-May-20,https://www.bbc.com/news/world-europe-51892477,
France,5,16-Mar-20,11-May-20,https://www.bbc.com/news/world-europe-51892477,
France,5.1,16-Mar-20,11-May-20,,https://fortune.com/2020/04/28/france-reopen-shops-restaurants-beaches-coronavirus-shutdown/
France,5.2,16-Mar-20,02-Jun-20,,https://fortune.com/2020/04/28/france-reopen-shops-restaurants-beaches-coronavirus-shutdown/
France,6,16-Mar-20,11-May-20,https://www.lfp.fr/Articles/COMMUNIQU%C3%89S/2020/03/13/communique-de-la-lfp,https://www.bbc.com/news/explainers-52575313
France,7,16-Mar-20,,,
France,8,16-Mar-20,,https://www.independent.co.uk/news/world/europe/coronavirus-france-lockdown-cases-update-covid-19-macron-a9405136.html,
France,9,16-Mar-20,11-May-20,https://www.gov.uk/government/news/french-personal-travel-waiver-certificate,https://www.bbc.com/news/explainers-52575313
Germany,1,17-Mar-20,,https://www.del.org/news/deutsche-eishockey-liga-beendet-saison-vorzeitig/11283,
Germany,2,28-Feb-20,15-May-20,https://www.reuters.com/article/us-china-health-lufthansa-idUSKCN20M2U7,https://www.bbc.com/news/explainers-52575313
Germany,3,15-Jan-20,,https://www.nytimes.com/2020/04/04/world/europe/germany-coronavirus-death-rate.html,
Germany,4,17-Mar-20,04-May-20,https://www.zeit.de/news/2020-03/13/bayern-schliesst-alle-schulen-wegen-coronavirus-krise,https://www.forbes.com/sites/lisettevoytko/2020/04/14/here-are-the-countries-starting-to-ease-lockdowns-amid-the-coronavirus-pandemic/#66e61fe4634c
Germany,5,17-Mar-20,20-Apr-20,"https://www.br.de/nachrichten/bayern/katastrophenfall-in-bayern-diese-regeln-gelten-ab-sofort,RtNxMZq",https://www.theguardian.com/world/2020/apr/19/israel-and-south-korea-to-ease-coronavirus-lockdowns
Germany,5.1,17-Mar-20,20-Apr-20,,https://www.foxnews.com/world/germany-coronavirus-shops-reopen-economy
Germany,5.2,17-Mar-20,15-May-20,,https://www.dw.com/en/german-restaurants-reopen-with-pandemic-measures-in-place/a-53518194
Germany,6,17-Mar-20,23-Apr-20,"https://www.br.de/nachrichten/bayern/katastrophenfall-in-bayern-diese-regeln-gelten-ab-sofort,RtNxMZq",https://www.artsy.net/news/artsy-editorial-museums-germany-started-reopening-strict-new-safety-measures
Germany,7,17-Mar-20,,https://www.france24.com/en/20200317-merkel-announces-strict-measures-and-tells-germans-to-stay-home-in-virus-fight,
Germany,8,17-Mar-20,20-Apr-20,https://www.thelocal.de/20200320/bavaria-becomes-first-german-state-to-impose-lockdown,https://www.cnbc.com/2020/04/21/lifting-coronavirus-lockdowns-germany-could-be-the-example-to-follow.html
Italy,1,09-Mar-20,,https://www.football-italia.net/150823/official-behind-closed-doors-until-april-3,
Italy,2,31-Jan-20,01-Jun-20,https://www.forbes.com/sites/davekeating/2020/03/12/italy-banned-flights-from-china-before-americait-didnt-work/#68db6dbd481b,https://www.vox.com/2020/5/17/21261574/italy-coronavirus-doing-better-social-distancing
Italy,4,09-Mar-20,01-Sep-20,https://www.corriere.it/scuola/20_marzo_04/coronavirus-scuole-chiuse-tutta-italia-decisione-governo-entro-stasera-e7ba0614-5e12-11ea-8e26-25d9a5210d01.shtml,https://www.politico.com/news/2020/05/20/coronavirus-back-to-school-272592
Italy,5,09-Mar-20,18-May-20,https://www.nytimes.com/2020/03/07/world/europe/coronavirus-italy.html,https://www.bbc.com/news/world-europe-52435273
Italy,5.1,09-Mar-20,18-May-20,,https://www.bbc.com/news/world-europe-52435273
Italy,5.2,09-Mar-20,01-Jun-20,,https://www.bbc.com/news/world-europe-52435273
Italy,6,09-Mar-20,04-May-20,https://www.nytimes.com/2020/03/07/world/europe/coronavirus-italy.html,https://www.bbc.com/news/world-europe-52435273
Italy,7,09-Mar-20,,,
Italy,8,09-Mar-20,18-May-20,https://www.nytimes.com/2020/03/07/world/europe/coronavirus-italy.html,https://www.bbc.com/news/world-europe-52435273
Italy,9,09-Mar-20,04-May-20,https://www.aljazeera.com/news/2020/03/italy-punishment-time-coronavirus-200312171128553.html,https://www.bbc.com/news/explainers-52575313
Netherlands,1,16-Mar-20,15-Jun-20,https://nos.nl/liveblog/2326799-persconferentie-rutte-na-crisisoverleg-111-nieuwe-patienten-in-nederland.html,https://www.nytimes.com/2020/06/05/travel/europe-reopening-tourism-covid.html
Netherlands,2,16-Mar-20,,https://www.nu.nl/coronavirus/6037229/kabinet-schrapt-vluchten-uit-china-italie-iran-en-zuid-korea.html,
Netherlands,4,16-Mar-20,11-May-20,https://www.politico.eu/article/coronavirus-netherlands-closes-schools-bars/,https://www.dailymail.co.uk/news/article-8244211/France-Holland-latest-nations-open-schools.html
Netherlands,5,16-Mar-20,29-Apr-20,https://www.politico.eu/article/coronavirus-netherlands-closes-schools-bars/,https://www.dutchnews.nl/news/2020/04/shops-begin-to-reopen-as-experts-warn-you-should-not-be-shopping-for-fun/
Netherlands,5.1,16-Mar-20,29-Apr-20,,https://www.dutchnews.nl/news/2020/04/shops-begin-to-reopen-as-experts-warn-you-should-not-be-shopping-for-fun/
Netherlands,5.2,16-Mar-20,01-Jun-20,,https://www.bbc.com/news/explainers-52575313
Netherlands,7,16-Mar-20,,https://nos.nl/liveblog/2326799-persconferentie-rutte-na-crisisoverleg-111-nieuwe-patienten-in-nederland.html,
Norway,1,12-Mar-20,,https://louderthanwar.com/a-blog-from-oslo-norway-on-lock-down/,
Norway,2,12-Mar-20,,https://www.nrk.no/norge/koronaviruset-1.14874108,
Norway,4,12-Mar-20,20-Apr-20,https://www.nrk.no/norge/koronaviruset-1.14874108,https://www.weforum.org/agenda/2020/04/these-european-countries-are-starting-to-end-their-lockdowns/
Norway,5,12-Mar-20,20-Apr-20,https://www.nrk.no/norge/koronaviruset-1.14874108,https://www.foxnews.com/world/coronavirus-lockdown-which-european-countries-easing-restrictions
Norway,5.1,12-Mar-20,20-Apr-20,,https://www3.nhk.or.jp/nhkworld/en/news/20200421_12/
Norway,5.2,12-Mar-20,27-Apr-20,,https://www.dailymail.co.uk/news/article-8260691/Switzerland-Norway-start-leave-coronavirus-lockdown.html
Norway,6,12-Mar-20,,https://www.nrk.no/norge/koronaviruset-1.14874108,
Norway,7,12-Mar-20,,,
Norway,8,12-Mar-20,07-May-20,https://www.nrk.no/norge/koronaviruset-1.14874108,https://www.thelocal.no/20200507/norway-to-lift-almost-all-restrictions-by-june-15-in-new-plan
Portugal,1,13-Mar-20,,https://expresso.pt/coronavirus/2020-03-13-Covid-19.-Estado-de-alerta-ate-pelo-menos-9-de-abril,
Portugal,2,13-Mar-20,,https://whbl.com/news/articles/2020/mar/20/portugal-set-to-quarantine-arrivals-from-abroad-as-streets-empty-out/997239/,
Portugal,4,13-Mar-20,18-May-20,https://www.usnews.com/news/world/articles/2020-03-12/portugal-orders-schools-night-clubs-shut-due-to-coronavirus,https://www.reuters.com/article/us-health-coronavirus-portugal/portugal-relaxes-coronavirus-lockdown-with-sector-by-sector-plan-idUSKBN22C36R
Portugal,5,13-Mar-20,04-May-20,https://expresso.pt/coronavirus/2020-03-13-Covid-19.-Estado-de-alerta-ate-pelo-menos-9-de-abril,https://www.reuters.com/article/us-health-coronavirus-portugal/portugal-relaxes-coronavirus-lockdown-with-sector-by-sector-plan-idUSKBN22C36R
Portugal,5.1,13-Mar-20,04-May-20,,https://www.reuters.com/article/us-health-coronavirus-portugal/portugal-relaxes-coronavirus-lockdown-with-sector-by-sector-plan-idUSKBN22C36R
Portugal,5.2,13-Mar-20,04-May-20,,https://www.reuters.com/article/us-health-coronavirus-portugal/portugal-relaxes-coronavirus-lockdown-with-sector-by-sector-plan-idUSKBN22C36R
Portugal,7,13-Mar-20,,https://www.forbes.com/sites/annabel/2020/03/19/coronavirus-update-from-portugal-a-state-of-emergency-is-declared/#5902b1ba151d,
Spain,1,14-Mar-20,01-Jul-20,,https://www.nytimes.com/2020/06/05/travel/europe-reopening-tourism-covid.html
Spain,2,14-Mar-20,,https://www.elespanol.com/invertia/empresas/20200310/espana-prohibe-vuelos-directos-italia-marzo/473703280_0.html,
Spain,4,14-Mar-20,01-Sep-20,https://www.comunidad.madrid/noticias/2020/03/09/comunidad-madrid-aprueba-medidas-extraordinarias-coronavirus,https://www.bbc.com/news/world-europe-52459034
Spain,5,14-Mar-20,11-May-20,https://www.rte.ie/news/coronavirus/2020/0314/1123226-coronavirus-world/,https://www.bbc.com/news/world-europe-52459034
Spain,5.1,14-Mar-20,11-May-20,,https://www.bbc.com/news/world-europe-52459034
Spain,5.2,14-Mar-20,15-May-20,,https://www.bbc.com/news/world-europe-52459034
Spain,6,14-Mar-20,20-Jun-20,https://www.bbc.com/news/world-europe-51892477,https://www.bbc.com/news/world-europe-52459034
Spain,7,14-Mar-20,,,
Spain,8,14-Mar-20,11-May-20,https://www.rte.ie/news/coronavirus/2020/0314/1123226-coronavirus-world/,https://www.bbc.com/news/explainers-52575313
Spain,9,28-Mar-20,04-May-20,https://www.reuters.com/article/us-health-coronavirus-spain/spanish-pm-announces-stricter-lockdown-measures-to-tackle-coronavirus-idUSKBN21F0NR,https://www.bbc.com/news/explainers-52575313
Sweden,1,16-Mar-20,,https://www.svt.se/nyheter/snabbkollen/regeringen-stoppar-stora-moten,
Sweden,2,16-Mar-20,,https://www.government.se/press-releases/2020/03/temporary-ban-on-travel-to-sweden-due-to-covid-19/,
Sweden,3,04-Mar-20,,https://www.svt.se/nyheter/inrikes/nu-ska-fler-svenskar-testas-for-coronavirus,
Sweden,7,16-Mar-20,,http://www.folkhalsomyndigheten.se/nyheter-och-press/nyhetsarkiv/2020/mars/personer-over-70-bor-begransa-sociala-kontakter-tills-vidare/,
Switzerland,1,28-Feb-20,15-Jun-20,https://www.nzz.ch/schweiz/coronavirus-in-der-schweiz-die-neusten-entwicklungen-ld.1542664,https://www.nytimes.com/2020/06/05/travel/europe-reopening-tourism-covid.html
Switzerland,2,16-Mar-20,,https://www.bag.admin.ch/bag/en/home/krankheiten/ausbrueche-epidemien-pandemien/aktuelle-ausbrueche-epidemien/novel-cov/massnahmen-des-bundes.html,
Switzerland,4,16-Mar-20,11-May-20,https://www.lemessager.fr/6559/article/2020-03-13/coronavirus-la-suisse-ferme-aussi-ses-ecoles-et-renforce-le-controle-aux,https://www.weforum.org/agenda/2020/04/these-european-countries-are-starting-to-end-their-lockdowns/
Switzerland,5,16-Mar-20,27-Apr-20,https://www.nzz.ch/schweiz/coronavirus-in-der-schweiz-die-neusten-entwicklungen-ld.1542664,https://www.weforum.org/agenda/2020/04/these-european-countries-are-starting-to-end-their-lockdowns/
Switzerland,5.1,16-Mar-20,27-Apr-20,,https://www.dailymail.co.uk/news/article-8260691/Switzerland-Norway-start-leave-coronavirus-lockdown.html
Switzerland,5.2,16-Mar-20,27-Apr-20,,https://www.dailymail.co.uk/news/article-8260691/Switzerland-Norway-start-leave-coronavirus-lockdown.html
Switzerland,6,16-Mar-20,08-Jun-20,https://www.bag.admin.ch/bag/en/home/krankheiten/ausbrueche-epidemien-pandemien/aktuelle-ausbrueche-epidemien/novel-cov/massnahmen-des-bundes.html,
Switzerland,7,16-Mar-20,,https://www.bag.admin.ch/bag/en/home/krankheiten/ausbrueche-epidemien-pandemien/aktuelle-ausbrueche-epidemien/novel-cov/massnahmen-des-bundes.html,
United Kingdom,1,16-Mar-20,,https://www.bbc.com/news/uk-52012432,
United Kingdom,2,16-Mar-20,,https://news.sky.com/story/coronavirus-london-shops-could-close-and-transport-restricted-by-weekend-whitehall-sources-11959814,
United Kingdom,3,16-Mar-20,,https://www.hsj.co.uk/daily-insight/daily-insight-budget-day-maths/7027096.article,
United Kingdom,4,16-Mar-20,15-Jun-20,https://www.independent.co.uk/news/uk/home-news/coronavirus-uk-timeline-deaths-cases-covid-19-nhs-social-distancing-a9416331.html,https://www.cnbc.com/2020/05/28/coronavirus-uk-pm-boris-johnson-outlines-further-relaxing-of-lockdown.html
United Kingdom,5.1,16-Mar-20,15-Jun-20,https://www.independent.co.uk/news/uk/home-news/coronavirus-uk-timeline-deaths-cases-covid-19-nhs-social-distancing-a9416331.html,https://www.cnbc.com/2020/05/28/coronavirus-uk-pm-boris-johnson-outlines-further-relaxing-of-lockdown.html
United Kingdom,5.2,16-Mar-20,,https://www.independent.co.uk/news/uk/home-news/coronavirus-uk-timeline-deaths-cases-covid-19-nhs-social-distancing-a9416331.html,
United Kingdom,6,16-Mar-20,,https://www.independent.co.uk/news/uk/home-news/coronavirus-uk-timeline-deaths-cases-covid-19-nhs-social-distancing-a9416331.html,
United Kingdom,7,16-Mar-20,,https://www.independent.co.uk/news/uk/home-news/coronavirus-uk-timeline-deaths-cases-covid-19-nhs-social-distancing-a9416331.html,
United Kingdom,8,16-Mar-20,,https://www.cnn.com/2020/03/23/uk/uk-coronavirus-lockdown-gbr-intl/index.html,
US - California,1,17-Mar-20,,https://www.latimes.com/california/story/2020-03-12/california-governor-gavin-newsom-hotels-medical-facilities-patients-meeting-requirements,
US - California,2,17-Mar-20,,https://www.latimes.com/california/story/2020-03-16/how-the-san-francisco-bay-areas-coronavirus-shelter-in-place-order-works,
US - California,3,17-Mar-20,,https://www.ksby.com/news/california-news/gov-newsom-issues-executive-order-to-expand-states-response-to-covid-19-pandemic,
US - California,4,17-Mar-20,15-Aug-20,https://www.abc10.com/article/news/health/coronavirus/coronavirus-school-closures/103-ac14f8ac-5317-4905-91d9-f36c661a02f0,https://www.latimes.com/california/story/2020-05-20/california-school-opening-update
US - California,5,17-Mar-20,,https://www.latimes.com/california/story/2020-03-16/how-the-san-francisco-bay-areas-coronavirus-shelter-in-place-order-works,
US - California,5.1,17-Mar-20,08-May-20,https://www.latimes.com/california/story/2020-03-16/how-the-san-francisco-bay-areas-coronavirus-shelter-in-place-order-works,https://abc7news.com/california-phase-2-newsom-reopen-covid-phases/6148199/
US - California,5.2,17-Mar-20,12-May-20,https://www.latimes.com/california/story/2020-03-16/how-the-san-francisco-bay-areas-coronavirus-shelter-in-place-order-works,https://deadline.com/2020/05/california-coronavirus-update-governor-gavin-newsom-says-restaurants-can-reopen-for-dine-in-service-1202932659/
US - California,6,17-Mar-20,,https://www.parks.ca.gov/NewsRelease/943,
US - California,7,17-Mar-20,,https://www.nytimes.com/2020/03/15/us/coronavirus-newsom-california-seniors-restaurants-bars.html,
US - California,8,17-Mar-20,,https://www.latimes.com/california/story/2020-03-16/how-the-san-francisco-bay-areas-coronavirus-shelter-in-place-order-works,
US - Florida,1,17-Mar-20,,https://www.clickorlando.com/news/local/2020/03/17/florida-coronavirus-cases-swells-to-216-governor-says/,
US - Florida,2,27-Mar-20,,https://news.yahoo.com/florida-coronavirus-cases-pass-4000-231236234.html,
US - Florida,3,14-Mar-20,,https://www.abcactionnews.com/news/national/coronavirus/florida-prepares-for-covid-19-testing-surge-orders-enough-kits-to-diagnose-more-than-half-million,
US - Florida,4,11-Mar-20,,https://www.alligator.org/news/uf-coronavirus-classes-required-to-move-online-shands-hospital-has/article_5cd563bc-63c7-11ea-aa78-6ffa95174808.html,
US - Florida,5,13-Mar-20,04-May-20,https://www.usatoday.com/story/travel/news/2020/03/12/coronavirus-disney-world-disneyland-close/5038264002/,https://www.wired.com/story/which-states-reopening-lockdown/
US - Florida,5.1,13-Mar-20,04-May-20,,https://www.wired.com/story/which-states-reopening-lockdown/
US - Florida,5.2,13-Mar-20,04-May-20,,https://www.wired.com/story/which-states-reopening-lockdown/
US - Florida,6,16-Mar-20,18-Apr-20,https://www.sun-sentinel.com/coronavirus/fl-ne-clearwater-beach-coronavirus-20200316-pag4de6onnauffkaykbfz6l654-story.html,https://www.usatoday.com/story/travel/news/2020/04/18/coronavirus-florida-beaches-reopen-big-crowds-during-pandemic/5159264002/
US - Florida,7,02-Apr-20,,,
US - Florida,8,02-Apr-20,30-Apr-20,https://www.sun-sentinel.com/coronavirus/fl-ne-surgeon-general-ron-desantis-florida-stay-at-home-20200401-ngqn25jafbfjtbmdo6yzy2egye-story.html,https://www.usatoday.com/storytelling/coronavirus-reopening-america-map/
US - Georgia,1,23-Mar-20,,https://www.ajc.com/news/breaking-news/breaking-atlanta-mayor-declares-state-emergency-city/CwOtpFsoJBChRcaPfglM6J/,
US - Georgia,2,23-Mar-20,,https://www.ajc.com/news/local-govt--politics/marta-suspend-bus-fares-amid-coronavirus-outbreak/ScFyEuIhGUl4mpUzzKt6gO/,
US - Georgia,4,23-Mar-20,,https://www.ajc.com/news/state--regional-govt--politics/kemp-orders-all-public-schools-georgia-closed-through-end-march/Alpzcxpd6xN8f2TGySOyzM/,
US - Georgia,5,23-Mar-20,24-Apr-20,https://wgxa.tv/news/local/six-flags-over-georgia-closing-through-end-of-march,https://www.vox.com/2020/4/22/21229398/coronavirus-states-reopen-georgia-south-carolina-tennessee-texas
US - Georgia,5.1,23-Mar-20,24-Apr-20,,
US - Georgia,5.2,23-Mar-20,24-Apr-20,,
US - Georgia,7,23-Mar-20,,https://www.ajc.com/news/breaking-news/breaking-atlanta-mayor-signs-day-stay-home-order-due-coronavirus-pandemic/HpYoORZDNNqdIWc3QfKWwK/,
US - Georgia,8,23-Mar-20,30-Apr-20,https://www.ajc.com/news/one-month-after-warnings-kemp-puts-georgia-lockdown/db6Aodv3LzftEV89WA1EOI/,https://thehill.com/homenews/state-watch/493717-heres-when-all-50-states-plan-to-reopen-after-coronavirus-restrictions
US - Georgia,6,23-Mar-20,24-Apr-20,https://www.11alive.com/article/news/health/coronavirus/cobb-county-declares-state-of-emergency/85-eecb84c1-eb80-46e1-8e3c-138659a4766f,https://www.vox.com/2020/4/22/21229398/coronavirus-states-reopen-georgia-south-carolina-tennessee-texas
US - Illinois,1,21-Mar-20,,https://www.nbcchicago.com/news/local/12-new-coronavirus-cases-in-illinois-total-now-at-105/2238114/,
US - Illinois,3,21-Mar-20,,https://chicago.suntimes.com/coronavirus/2020/3/30/21200135/coronavirus-test-sites-map-illinois-pritzker,
US - Illinois,4,21-Mar-20,,https://www.chicagotribune.com/coronavirus/ct-coronavirus-pandemic-chicago-illinois-news-20200312-kn45pek3cnegld3r7a7ts7azbe-story.html,
US - Illinois,5,21-Mar-20,01-May-20,https://www2.illinois.gov/Pages/Executive-Orders/ExecutiveOrder2020-10.aspx,
US - Illinois,5.1,21-Mar-20,01-May-20,,https://chicago.suntimes.com/coronavirus/2020/4/29/21241316/illinois-state-at-home-order-may-rules-golf-state-parks
US - Illinois,5.2,21-Mar-20,,,
US - Illinois,6,21-Mar-20,01-May-20,https://en.wikipedia.org/wiki/2020_coronavirus_pandemic_in_Illinois#cite_note-104,https://chicago.suntimes.com/coronavirus/2020/4/29/21241316/illinois-state-at-home-order-may-rules-golf-state-parks
US - Illinois,7,21-Mar-20,,,
US - Illinois,8,21-Mar-20,30-May-20,https://www.nbcchicago.com/news/local/illinois-governor-expected-to-issue-stay-at-home-order-sources/2241118/,https://www.usatoday.com/storytelling/coronavirus-reopening-america-map/
US - Louisiana,1,16-Mar-20,,https://gov.louisiana.gov/index.cfm/newsroom/detail/2403,
US - Louisiana,3,16-Mar-20,,https://www.nola.com/news/coronavirus/article_e16feaf2-688b-11ea-b2ef-0bdfa901c77c.html,
US - Louisiana,4,16-Mar-20,,https://gov.louisiana.gov/index.cfm/newsroom/detail/2403,
US - Louisiana,5,16-Mar-20,15-May-20,https://www.theadvocate.com/baton_rouge/news/coronavirus/article_e33926a0-67c3-11ea-99f9-bfe96aa59571.html,https://www.usnews.com/news/best-states/louisiana/articles/2020-04-27/louisiana-governor-readies-to-release-virus-reopening-plans
US - Louisiana,5.1,16-Mar-20,15-May-20,,https://www.usnews.com/news/best-states/louisiana/articles/2020-04-27/louisiana-governor-readies-to-release-virus-reopening-plans
US - Louisiana,5.2,16-Mar-20,15-May-20,,https://www.usnews.com/news/best-states/louisiana/articles/2020-04-27/louisiana-governor-readies-to-release-virus-reopening-plans
US - Louisiana,6,16-Mar-20,,https://ready.nola.gov/incident/coronavirus/public-libraries-closed;-city-hall-to-have-limited/,
US - Louisiana,7,16-Mar-20,,,
US - Louisiana,8,16-Mar-20,15-May-20,https://www.theadvocate.com/baton_rouge/news/coronavirus/article_922869e8-6c6d-11ea-aeee-6b6fd5e8f4bd.html,https://www.usatoday.com/storytelling/coronavirus-reopening-america-map/
US - Massachusetts,1,17-Mar-20,,https://www.wcvb.com/article/gov-charlie-baker-massachusetts-covid-19-coronavirus-update-march-15-2020/31647097,
US - Massachusetts,2,17-Mar-20,,https://www.wbur.org/news/2020/03/27/baker-out-of-state-quarantine,
US - Massachusetts,3,17-Mar-20,,https://www.wwlp.com/watch-live/watch-live-governor-baker-to-provide-coronavirus-update-at-noon/,
US - Massachusetts,4,17-Mar-20,,https://www.wcvb.com/article/gov-charlie-baker-massachusetts-covid-19-coronavirus-update-march-15-2020/31647097,
US - Massachusetts,5,17-Mar-20,,https://www.wcvb.com/article/gov-charlie-baker-massachusetts-covid-19-coronavirus-update-march-15-2020/31647097,
US - Massachusetts,5.1,17-Mar-20,08-Jun-20,https://www.wcvb.com/article/gov-charlie-baker-massachusetts-covid-19-coronavirus-update-march-15-2020/31647097,https://www.mass.gov/info-details/reopening-when-can-my-business-reopen
US - Massachusetts,5.2,17-Mar-20,08-Jun-20,https://www.wcvb.com/article/gov-charlie-baker-massachusetts-covid-19-coronavirus-update-march-15-2020/31647097,https://www.mass.gov/info-details/reopening-when-can-my-business-reopen
US - Massachusetts,7,17-Mar-20,,https://www.mass.gov/news/governor-charlie-baker-orders-all-non-essential-businesses-to-cease-in-person-operation,
US - Michigan,1,24-Mar-20,,https://www.uppermichiganssource.com/content/news/Gov-Whitmer-orders-temporary-prohibition-of-large-gatherings-events--568773101.html,
US - Michigan,3,24-Mar-20,,https://www.clickondetroit.com/all-about-ann-arbor/2020/03/20/michigan-medicine-launches-same-day-in-house-covid-19-testing/,
US - Michigan,4,24-Mar-20,,https://www.fox17online.com/news/national-news/coronavirus/all-michigan-k-12-schools-closed-through-april-6,
US - Michigan,5,24-Mar-20,,https://www.mlive.com/public-interest/2020/03/michigan-gov-gretchen-whitmer-to-order-bars-restaurants-to-close-dine-in-services-over-coronavirus-concerns.html,https://www.wndu.com/content/news/Michigans-governor-extends-stay-home-order-through-May-15-eases-rules-569918961.html
US - Michigan,5.1,24-Mar-20,08-Jun-20,,https://www.usatoday.com/storytelling/coronavirus-reopening-america-map/
US - Michigan,5.2,24-Mar-20,08-Jun-20,,https://www.clickondetroit.com/news/local/2020/06/01/heres-everything-thats-reopening-in-michigan-now-that-stay-at-home-order-has-been-lifted/
US - Michigan,7,24-Mar-20,,,
US - Michigan,8,24-Mar-20,01-Jun-20,https://www.crainsdetroit.com/coronavirus/whitmer-orders-nonessential-workers-stay-home-curtail-growth-coronavirus-outbreak,https://www.usatoday.com/storytelling/coronavirus-reopening-america-map/
US - New Jersey,1,21-Mar-20,,https://nj.gov/infobank/eo/056murphy/pdf/EO-104.pdf,
US - New Jersey,3,21-Mar-20,,https://www.northjersey.com/story/news/coronavirus/2020/03/20/coronavirus-update-nj-deaths-11-cases-rise-890/2884916001/,
US - New Jersey,4,21-Mar-20,,https://nj.gov/infobank/eo/056murphy/pdf/EO-104.pdf,
US - New Jersey,5,21-Mar-20,,https://www.cnn.com/2020/03/16/us/nj-coronavirus-update/index.html,
US - New Jersey,5.1,21-Mar-20,15-Jun-20,,https://www.politico.com/states/new-jersey/story/2020/06/01/murphy-oks-stage-two-of-new-jerseys-reopening-1289830
US - New Jersey,5.2,21-Mar-20,22-Jun-20,,https://www.politico.com/states/new-jersey/story/2020/06/01/murphy-oks-stage-two-of-new-jerseys-reopening-1289830
US - New Jersey,6,21-Mar-20,29-Apr-20,https://nj.gov/governor/news/news/562020/approved/20200320j.shtml,https://www.washingtonpost.com/graphics/2020/national/states-reopening-coronavirus-map/
US - New Jersey,7,21-Mar-20,,,
US - New Jersey,8,21-Mar-20,,https://nj.gov/infobank/eo/056murphy/pdf/EO-107.pdf,
US - New York,1,20-Mar-20,,https://www.recordonline.com/news/20200313/schools-closed-in-orange-ulster-counties-for-2-weeks-due-to-coronavirus,
US - New York,3,20-Mar-20,,https://www.pbs.org/newshour/show/new-york-launches-drive-thru-testing-site-for-covid-19,
US - New York,4,20-Mar-20,,https://www.pix11.com/news/coronavirus/schools-closing-in-ny-nj-amid-spread-of-covid-19,
US - New York,5,20-Mar-20,,https://www.theverge.com/2020/3/12/21177162/new-york-coronavirus-ban-public-gathering-broadway-concerts-museums,
US - New York,5.1,20-Mar-20,08-Jun-20,,https://www.timeout.com/newyork/news/heres-what-will-reopen-in-nyc-in-phase-1-according-to-the-mayor-060520
US - New York,5.2,20-Mar-20,05-Jul-20,,https://www.timeout.com/newyork/news/heres-what-will-reopen-in-nyc-in-phase-1-according-to-the-mayor-060520
US - New York,7,20-Mar-20,,,
US - New York,8,20-Mar-20,15-May-20,https://www.npr.org/sections/coronavirus-live-updates/2020/03/20/818952589/coronavirus-n-y-gov-cuomo-says-100-of-workforce-must-stay-home,https://www.usatoday.com/storytelling/coronavirus-reopening-america-map/
US - New York,6,20-Mar-20,07-May-20,https://www.ny1.com/nyc/all-boroughs/news/2020/03/16/statue-of-liberty-and-ellis-island-close-because-of-coronavirus,https://www.bloomberg.com/news/articles/2020-04-27/new-york-finds-14-9-infection-rate-in-expanded-antibody-study
US - Pennsylvania,1,23-Mar-20,,,
US - Pennsylvania,2,23-Mar-20,,https://6abc.com/health/pennsylvania-announces-16-new-confirmed-covid-19-cases/6015347/,
US - Pennsylvania,4,23-Mar-20,,https://www.mcall.com/coronavirus/mc-nws-pa-schools-closed-20200313-ul7f23rzybes3oxe37lttpqvya-story.html,
US - Pennsylvania,5,23-Mar-20,,https://twitter.com/MikeDonofrio_/status/1239599494624423943,
US - Pennsylvania,5.1,23-Mar-20,08-May-20,,https://www.governor.pa.gov/newsroom/gov-wolf-reopening-targeted-for-may-8-in-north-central-northwest/
US - Pennsylvania,5.2,23-Mar-20,12-Jun-20,,https://philly.eater.com/2020/6/4/21280727/philadelphia-coronavirus-reopening-restaurants-yellow-restrictions
US - Pennsylvania,7,23-Mar-20,,,
US - Pennsylvania,8,23-Mar-20,08-May-20,https://www.nbcphiladelphia.com/news/coronavirus/philly-issues-stay-at-home-order-to-stop-coronavirus-spread/2336619/,https://www.usatoday.com/storytelling/coronavirus-reopening-america-map/
US - Texas,1,06-Mar-20,,https://www.theverge.com/2020/3/6/21162247/sxsw-2020-cancelled-coronavirus-austin-texas-virus-fears-public-health-event,
US - Texas,3,23-Mar-20,,https://www.texastribune.org/2020/03/13/texas-coronavirus-cases-state-emergency-greg-abbott/,
US - Texas,4,23-Mar-20,,https://www.texastribune.org/2020/03/19/texas-restaurants-bars-closed-greg-abbott/,
US - Texas,5,23-Mar-20,01-May-20,https://www.dallasnews.com/news/public-health/2020/03/22/dallas-county-residents-ordered-to-stay-home-as-new-shelter-in-place-rules-are-put-in-place/,https://www.nbcdfw.com/news/coronavirus/governor-abbott-to-address-reopening-of-texas-economy-monday/2358748/
US - Texas,5.1,23-Mar-20,30-Apr-20,,https://www.texastribune.org/2020/04/27/texas-reopening-coronavirus-greg-abbott/
US - Texas,5.2,23-Mar-20,30-Apr-20,,https://www.texastribune.org/2020/04/27/texas-reopening-coronavirus-greg-abbott/
US - Texas,6,04-Apr-20,20-Apr-20,https://www.click2houston.com/news/local/2020/04/04/big-bend-national-park-closes-in-response-to-covid-19-concerns/,
US - Texas,7,23-Mar-20,,,
US - Texas,8,23-Mar-20,01-May-20,https://www.dallasnews.com/news/public-health/2020/03/22/dallas-county-residents-ordered-to-stay-home-as-new-shelter-in-place-rules-are-put-in-place/,https://www.kvue.com/article/news/health/coronavirus/coronavirus-texas-austin-covid-19-gov-abbott-updates/269-a55294cb-cbdb-45be-a245-a3b9b7768743
US - Washington,1,11-Mar-20,,https://www.kuow.org/stories/large-events-banned-in-seattle-area-amid-efforts-to-slow-covid-19-spread,
US - Washington,2,23-Mar-20,,https://www.seattletimes.com/seattle-news/transportation/sound-transit-to-reduce-rail-bus-service-due-to-coronavirus-outbreak/,
US - Washington,3,03-Mar-20,,https://en.wikipedia.org/wiki/White_Center_COVID-19_quarantine_site,
US - Washington,4,06-Mar-20,,https://www.washington.edu/coronavirus/2020/03/06/beginning-march-9-classes-and-finals-will-not-be-held-in-person-message-to-students/,
US - Washington,5,23-Mar-20,,https://apnews.com/b8cff05b257bb2ad621a2c844c30b95a,
US - Washington,5.1,23-Mar-20,05-May-20,,https://www.king5.com/article/news/health/coronavirus/phase-1-of-inslees-safe-start-washington-starts-tuesday-what-that-means-for-reopening-the-states-economy/281-484b90f0-4b1b-4393-b4c1-b6edc4efe8b3
US - Washington,5.2,23-Mar-20,12-May-20,,https://www.king5.com/article/news/health/coronavirus/washington-restaurants-partial-reopening-guidelines-phase-2-coronavirus/281-a2f21551-3f87-4d2c-88b2-4511843466fb
US - Washington,6,23-Mar-20,,https://www.seattletimes.com/seattle-news/seattle-closing-all-public-libraries-community-centers-parks-programs-in-bid-to-slow-coronavirus/,
US - Washington,7,23-Mar-20,,,
US - Washington,8,23-Mar-20,04-May-20,https://www.documentcloud.org/documents/6817957-20-25-Coronovirus-Stay-Safe-Stay-Healthy.html,https://www.usatoday.com/storytelling/coronavirus-reopening-america-map/
China - Hubei,1,23-Jan-20,,,
China - Hubei,2,23-Jan-20,23-Mar-20,,http://www.rfi.fr/en/international/20200330-covid-19-epicentre-wuhan-begins-to-reopen-after-2-months-under-lockdown-china-coronavirus-outbreak
China - Hubei,3,23-Jan-20,,http://www.bjnews.com.cn/finance/2020/01/27/680390.html,
China - Hubei,4,23-Jan-20,,,
China - Hubei,5,23-Jan-20,23-Mar-20,,http://www.rfi.fr/en/international/20200330-covid-19-epicentre-wuhan-begins-to-reopen-after-2-months-under-lockdown-china-coronavirus-outbreak
China - Hubei,5.1,23-Jan-20,23-Mar-20,,http://www.rfi.fr/en/international/20200330-covid-19-epicentre-wuhan-begins-to-reopen-after-2-months-under-lockdown-china-coronavirus-outbreak
China - Hubei,5.2,23-Jan-20,,,
China - Hubei,6,23-Jan-20,,,
China - Hubei,7,23-Jan-20,,,
China - Hubei,8,23-Jan-20,23-Mar-20,,http://www.rfi.fr/en/international/20200330-covid-19-epicentre-wuhan-begins-to-reopen-after-2-months-under-lockdown-china-coronavirus-outbreak
China - Hubei,9,23-Jan-20,23-Mar-20,https://www.bbc.com/zhongwen/simp/chinese-news-51232433,http://www.rfi.fr/en/international/20200330-covid-19-epicentre-wuhan-begins-to-reopen-after-2-months-under-lockdown-china-coronavirus-outbreak
China - Other mainland,1,24-Jan-20,,https://m.yicai.com/news/100480404.html,
China - Other mainland,2,24-Jan-20,,http://www.bjnews.com.cn/feature/2020/01/25/679116.html,
China - Other mainland,3,24-Jan-20,,https://m.yicai.com/news/100480404.html,
China - Other mainland,4,04-Feb-20,27-Apr-20,,http://www.xinhuanet.com/english/2020-04/09/c_138961876.htm
China - Other mainland,5,04-Feb-20,09-Mar-20,,https://www.usatoday.com/story/travel/destinations/2020/03/09/coronavirus-shanghai-disney-resort-partially-reopens/4998586002/
China - Other mainland,5.1,04-Feb-20,09-Mar-20,,https://www.usatoday.com/story/travel/destinations/2020/03/09/coronavirus-shanghai-disney-resort-partially-reopens/4998586002/
China - Other mainland,5.2,04-Feb-20,26-Mar-20,,https://www.wsj.com/articles/china-is-open-for-business-but-the-post-coronavirus-reboot-looks-slow-and-rocky-11585232600
China - Other mainland,6,04-Feb-20,18-Mar-20,,https://www.telegraph.co.uk/travel/news/china-reopening-tourism-coronavirus/
China - Other mainland,7,24-Jan-20,,http://www.bjnews.com.cn/feature/2020/01/25/679116.html,
China - Other mainland,8,04-Feb-20,17-Feb-20,http://www.rfi.fr/cn/20200210-%E5%8D%83%E4%B8%87%E4%BA%BA%E8%BF%94%E5%B7%A5-%E5%BD%A2%E5%8A%BF%E4%B8%A5%E5%B3%BB%E5%8C%97%E4%BA%AC%E4%B8%8A%E6%B5%B7%E8%BF%9B%E5%85%A5%E5%8D%8A%E5%B0%81%E5%9F%8E%E7%8A%B6%E6%80%81,http://www.xinhuanet.com/politics/2020-03/06/c_1125669592.htm
China - Other mainland,9,04-Feb-20,17-Feb-20,http://www.rfi.fr/cn/20200210-%E5%8D%83%E4%B8%87%E4%BA%BA%E8%BF%94%E5%B7%A5-%E5%BD%A2%E5%8A%BF%E4%B8%A5%E5%B3%BB%E5%8C%97%E4%BA%AC%E4%B8%8A%E6%B5%B7%E8%BF%9B%E5%85%A5%E5%8D%8A%E5%B0%81%E5%9F%8E%E7%8A%B6%E6%80%81,http://www.xinhuanet.com/politics/2020-03/06/c_1125669592.htm
Russia,1,20-Mar-20,,https://www.washingtonpost.com/opinions/2020/03/29/russia-claims-it-has-covid-19-under-control-facade-is-cracking/,
Russia,2,31-Jan-20,,https://www.themoscowtimes.com/2020/03/07/coronavirus-in-russia-the-latest-news-march-8-a69117,
Russia,5,30-Mar-20,,https://www.sobyanin.ru/koronavirus-zakrytie-restoranov-i-parkov,
Russia,5.1,30-Mar-20,12-May-20,https://www.sobyanin.ru/koronavirus-zakrytie-restoranov-i-parkov,https://www.bbc.com/news/explainers-52575313
Russia,5.2,30-Mar-20,,https://www.sobyanin.ru/koronavirus-zakrytie-restoranov-i-parkov,
Russia,6,17-Mar-20,,https://meduza.io/en/news/2020/03/17/russia-to-close-all-federal-theaters-museums-symphonies-and-circuses,
Russia,4,30-Mar-20,,https://www.themoscowtimes.com/2020/03/07/coronavirus-in-russia-the-latest-news-march-8-a69117,
Russia,7,30-Mar-20,,https://tass.com/society/1135339,
Russia,8,30-Mar-20,12-May-20,https://www.interfax.ru/russia/701511,https://www.bbc.com/news/explainers-52575313
Russia,3,30-Mar-20,,https://ria.ru/20200401/1569450769.html,
Canada - Ontario,4,12-Mar-20,,https://www.cbc.ca/news/canada/toronto/ontario-government-closing-schools-1.5495736,
Canada - Ontario,1,16-Mar-20,,https://globalnews.ca/news/6688074/ontario-doug-ford-coronavirus-covid-19-march-17/,
Canada - Ontario,6,30-Mar-20,11-May-20,https://globalnews.ca/news/6754560/coronavirus-ontario-outdoor-recreation-amenities-closure-order/,https://www.intelligencer.ca/news/local-news/ontario-parks-conservation-areas-now-open-for-limited-use
Canada - Ontario,5.1,23-Mar-20,09-May-20,https://nationalpost.com/news/covid-19-ontario-and-quebec-order-non-essential-businesses-closed-after-spike-in-coronavirus-totals,https://toronto.ctvnews.ca/ontario-announces-new-list-of-businesses-that-can-reopen-1.4927014?cache=wpwecmoua%3FclipId%3D86116
Canada - Ontario,5.2,23-Mar-20,,https://nationalpost.com/news/covid-19-ontario-and-quebec-order-non-essential-businesses-closed-after-spike-in-coronavirus-totals,
Canada - Ontario,3,09-Apr-20,,https://data.ontario.ca/dataset/status-of-covid-19-cases-in-ontario,
Canada - Ontario,7,16-Mar-20,,https://www.theguardian.com/world/2020/mar/16/justin-trudeau-closes-canada-borders-coronavirus,
Canada - Quebec,1,16-Mar-20,,https://ici.radio-canada.ca/nouvelle/1661268/quebec-coronavirus-legault-mesures,
Canada - Quebec,4,16-Mar-20,11-May-20,https://globalnews.ca/news/6671227/quebec-coronavirus-march-13/,https://www.quebec.ca/en/health/health-issues/a-z/2019-coronavirus/gradual-resumption-activities-covid19-related-pause/
Canada - Quebec,3,16-Mar-20,,https://montrealgazette.com/news/local-news/quebec-ramps-up-covid-19-testing-with-goal-to-do-12000-a-day/,
Canada - Quebec,2,01-Apr-20,04-May-20,https://www.forbes.com/sites/sandramacgregor/2020/04/03/canadas-provinces-introduce-new-coronavirus-travel-regulations-to-limit-domestic-travel/#6826bebb15c2,https://www.quebec.ca/en/health/health-issues/a-z/2019-coronavirus/gradual-resumption-activities-covid19-related-pause/
Canada - Quebec,5.1,24-Mar-20,25-May-20,https://nationalpost.com/news/covid-19-ontario-and-quebec-order-non-essential-businesses-closed-after-spike-in-coronavirus-totals,https://montreal.ctvnews.ca/these-are-the-businesses-that-can-reopen-in-quebec-1.4922697
Canada - Quebec,5.2,31-Mar-20,15-Jun-20,https://montrealgazette.com/news/quebec/most-quebec-stores-will-be-closed-on-sundays-as-coronavirus-cases-mount/,https://cultmtl.com/2020/06/restaurants-to-begin-reopening-in-quebec-on-june-15-montreal/
Canada - Quebec,6,16-Mar-20,,https://www.lapresse.ca/covid-19/202003/15/01-5264756-legault-ordonne-la-fermeture-de-lieux-de-rassemblement.php,
Canada - Quebec,7,16-Mar-20,,https://www.theguardian.com/world/2020/mar/16/justin-trudeau-closes-canada-borders-coronavirus,
Brazil,1,20-Mar-20,,https://www.diariodolitoral.com.br/saude/em-sp-casos-de-coronavirus-sobem-quase-40-em-duas-horas/133224/,
Brazil,4,20-Mar-20,,https://www.wsws.org/en/articles/2020/04/27/bols-a27.html,
Brazil,5.1,20-Mar-20,03-Jun-20,https://www.reuters.com/article/us-health-coronavirus-brazil/brazils-sao-paulo-to-get-two-week-coronavirus-shutdown-bolsonaro-blasts-hysteria-idUSKBN2180WV,https://www.cnn.com/2020/06/02/americas/latin-america-coronavirus-reopening-intl/index.html
Brazil,5.2,20-Mar-20,03-Jun-20,https://www.reuters.com/article/us-health-coronavirus-brazil/brazils-sao-paulo-to-get-two-week-coronavirus-shutdown-bolsonaro-blasts-hysteria-idUSKBN2180WV,https://www.cnn.com/2020/06/02/americas/latin-america-coronavirus-reopening-intl/index.html
Brazil,7,20-Mar-20,03-Jun-20,https://www.vox.com/2020/4/28/21228512/brazil-bolsonaro-coronavirus-moro,https://www.cnn.com/2020/06/02/americas/latin-america-coronavirus-reopening-intl/index.html
Brazil,8,20-Mar-20,03-Jun-20,https://www.vox.com/2020/4/28/21228512/brazil-bolsonaro-coronavirus-moro,https://www.cnn.com/2020/06/02/americas/latin-america-coronavirus-reopening-intl/index.html
